{
  "id": "capital",
  "answers": [
    {
      "name": "東京 (日本)",
      "aliases": [
        "東京"
      ],
      "tags": []
    },
    {
      "name": "バクー (アゼルバイジャン)",
      "aliases": [
        "バクー"
      ],
      "tags": []
    },
    {
      "name": "カブール (アフガニスタン)",
      "aliases": [
        "カブール"
      ],
      "tags": []
    },
    {
      "name": "アブダビ (アラブ首長国連邦)",
      "aliases": [
        "アブダビ"
      ],
      "tags": []
    },
    {
      "name": "エレバン (アルメニア)",
      "aliases": [
        "エレバン"
      ],
      "tags": []
    },
    {
      "name": "サヌア (イエメン)",
      "aliases": [
        "サヌア"
      ],
      "tags": []
    },
    {
      "name": "エルサレム (イスラエル)",
      "aliases": [
        "エルサレム"
      ],
      "tags": []
    },
    {
      "name": "バグダッド (イラク)",
      "aliases": [
        "バグダッド"
      ],
      "tags": []
    },
    {
      "name": "テヘラン (イラン)",
      "aliases": [
        "テヘラン"
      ],
      "tags": []
    },
    {
      "name": "ニューデリー (インド)",
      "aliases": [
        "ニューデリー",
        "デリー"
      ],
      "tags": []
    },
    {
      "name": "ジャカルタ (インドネシア)",
      "aliases": [
        "ジャカルタ"
      ],
      "tags": []
    },
    {
      "name": "タシケント (ウズベキスタン)",
      "aliases": [
        "タシケント",
        "タシュケント"
      ],
      "tags": []
    },
    {
      "name": "マスカット (オマーン)",
      "aliases": [
        "マスカット"
      ],
      "tags": []
    },
    {
      "name": "アスタナ (カザフスタン)",
      "aliases": [
        "アスタナ"
      ],
      "tags": []
    },
    {
      "name": "ドーハ (カタール)",
      "aliases": [
        "ドーハ"
      ],
      "tags": []
    },
    {
      "name": "プノンペン (カンボジア)",
      "aliases": [
        "プノンペン"
      ],
      "tags": []
    },
    {
      "name": "ビシュケク (キルギス)",
      "aliases": [
        "ビシュケク"
      ],
      "tags": []
    },
    {
      "name": "クウェート (クウェート)",
      "aliases": [
        "クウェート"
      ],
      "tags": []
    },
    {
      "name": "トビリシ (グルジア)",
      "aliases": [
        "トビリシ"
      ],
      "tags": []
    },
    {
      "name": "リヤド (サウジアラビア)",
      "aliases": [
        "リヤド"
      ],
      "tags": []
    },
    {
      "name": "ダマスカス (シリア)",
      "aliases": [
        "ダマスカス"
      ],
      "tags": []
    },
    {
      "name": "シンガポール (シンガポール)",
      "aliases": [
        "シンガポール"
      ],
      "tags": []
    },
    {
      "name": "スリ・ジャヤワルダナプラ・コッテ (スリランカ)",
      "aliases": [
        "スリ・ジャヤワルダナプラ・コッテ",
        "スリジャヤワルダナプラコッテ"
      ],
      "tags": []
    },
    {
      "name": "バンコク (タイ)",
      "aliases": [
        "バンコク"
      ],
      "tags": []
    },
    {
      "name": "ドゥシャンベ (タジキスタン)",
      "aliases": [
        "ドゥシャンベ"
      ],
      "tags": []
    },
    {
      "name": "アシガバート (トルクメニスタン)",
      "aliases": [
        "アシガバート"
      ],
      "tags": []
    },
    {
      "name": "アンカラ (トルコ)",
      "aliases": [
        "アンカラ"
      ],
      "tags": []
    },
    {
      "name": "カトマンズ (ネパール)",
      "aliases": [
        "カトマンズ"
      ],
      "tags": []
    },
    {
      "name": "マナーマ (バーレーン)",
      "aliases": [
        "マナーマ"
      ],
      "tags": []
    },
    {
      "name": "イスラマバード (パキスタン)",
      "aliases": [
        "イスラマバード"
      ],
      "tags": []
    },
    {
      "name": "ダッカ (バングラデシュ)",
      "aliases": [
        "ダッカ"
      ],
      "tags": []
    },
    {
      "name": "マニラ (フィリピン)",
      "aliases": [
        "マニラ"
      ],
      "tags": []
    },
    {
      "name": "ティンプー (ブータン)",
      "aliases": [
        "ティンプー"
      ],
      "tags": []
    },
    {
      "name": "バンダルスリブガワン (ブルネイ)",
      "aliases": [
        "バンダルスリブガワン"
      ],
      "tags": []
    },
    {
      "name": "ハノイ (ベトナム)",
      "aliases": [
        "ハノイ"
      ],
      "tags": []
    },
    {
      "name": "クアラルンプール (マレーシア)",
      "aliases": [
        "クアラルンプール"
      ],
      "tags": []
    },
    {
      "name": "ネーピードー (ミャンマー)",
      "aliases": [
        "ネーピードー",
        "ネピドー"
      ],
      "tags": []
    },
    {
      "name": "マレ (モルディブ)",
      "aliases": [
        "マレ"
      ],
      "tags": []
    },
    {
      "name": "ウランバートル (モンゴル)",
      "aliases": [
        "ウランバートル"
      ],
      "tags": []
    },
    {
      "name": "アンマン (ヨルダン)",
      "aliases": [
        "アンマン"
      ],
      "tags": []
    },
    {
      "name": "ビエンチャン (ラオス)",
      "aliases": [
        "ビエンチャン"
      ],
      "tags": []
    },
    {
      "name": "ベイルート (レバノン)",
      "aliases": [
        "ベイルート"
      ],
      "tags": []
    },
    {
      "name": "ソウル (大韓民国)",
      "aliases": [
        "ソウル"
      ],
      "tags": []
    },
    {
      "name": "北京 (中華人民共和国)",
      "aliases": [
        "ペキン",
        "北京"
      ],
      "tags": []
    },
    {
      "name": "平壌 (朝鮮民主主義人民共和国)",
      "aliases": [
        "ピョンヤン",
        "平壌"
      ],
      "tags": []
    },
    {
      "name": "ディリ (東ティモール)",
      "aliases": [
        "ディリ"
      ],
      "tags": []
    },
    {
      "name": "レイキャビク (アイスランド)",
      "aliases": [
        "レイキャビク",
        "レイキャヴィーク"
      ],
      "tags": []
    },
    {
      "name": "ダブリン (アイルランド)",
      "aliases": [
        "ダブリン"
      ],
      "tags": []
    },
    {
      "name": "ティラナ (アルバニア)",
      "aliases": [
        "ティラナ"
      ],
      "tags": []
    },
    {
      "name": "アンドララベリャ (アンドラ)",
      "aliases": [
        "アンドララヴェリャ",
        "アンドララベリャ",
        "アンドラ・ラ・ベリャ"
      ],
      "tags": []
    },
    {
      "name": "ロンドン (イギリス)",
      "aliases": [
        "ロンドン"
      ],
      "tags": []
    },
    {
      "name": "ローマ (イタリア)",
      "aliases": [
        "ローマ"
      ],
      "tags": []
    },
    {
      "name": "キーウ (ウクライナ)",
      "aliases": [
        "キエフ",
        "キーウ"
      ],
      "tags": []
    },
    {
      "name": "タリン (エストニア)",
      "aliases": [
        "タリン"
      ],
      "tags": []
    },
    {
      "name": "ウィーン (オーストリア)",
      "aliases": [
        "ウィーン",
        "ウイーン"
      ],
      "tags": []
    },
    {
      "name": "アムステルダム (オランダ)",
      "aliases": [
        "アムステルダム"
      ],
      "tags": []
    },
    {
      "name": "ニコシア (キプロス)",
      "aliases": [
        "ニコシア"
      ],
      "tags": []
    },
    {
      "name": "アテネ (ギリシャ)",
      "aliases": [
        "アテネ"
      ],
      "tags": []
    },
    {
      "name": "ザグレブ (クロアチア)",
      "aliases": [
        "ザグレブ"
      ],
      "tags": []
    },
    {
      "name": "プリシュティナ (コソボ)",
      "aliases": [
        "プリシュティナ"
      ],
      "tags": []
    },
    {
      "name": "サンマリノ (サンマリノ)",
      "aliases": [
        "サンマリノ"
      ],
      "tags": []
    },
    {
      "name": "ベルン (スイス)",
      "aliases": [
        "ベルン"
      ],
      "tags": []
    },
    {
      "name": "ストックホルム (スウェーデン)",
      "aliases": [
        "ストックホルム"
      ],
      "tags": []
    },
    {
      "name": "マドリード (スペイン)",
      "aliases": [
        "マドリード"
      ],
      "tags": []
    },
    {
      "name": "ブラチスラバ (スロバキア)",
      "aliases": [
        "ブラチスラバ",
        "ブラチスラヴァ"
      ],
      "tags": []
    },
    {
      "name": "リュブリャナ (スロベニア)",
      "aliases": [
        "リュブリャナ"
      ],
      "tags": []
    },
    {
      "name": "ベオグラード (セルビア)",
      "aliases": [
        "ベオグラード"
      ],
      "tags": []
    },
    {
      "name": "プラハ (チェコ)",
      "aliases": [
        "プラハ"
      ],
      "tags": []
    },
    {
      "name": "コペンハーゲン (デンマーク)",
      "aliases": [
        "コペンハーゲン"
      ],
      "tags": []
    },
    {
      "name": "ベルリン (ドイツ)",
      "aliases": [
        "ベルリン"
      ],
      "tags": []
    },
    {
      "name": "オスロ (ノルウェー)",
      "aliases": [
        "オスロ"
      ],
      "tags": []
    },
    {
      "name": "ブダペスト (ハンガリー)",
      "aliases": [
        "ブダペスト"
      ],
      "tags": []
    },
    {
      "name": "ヘルシンキ (フィンランド)",
      "aliases": [
        "ヘルシンキ"
      ],
      "tags": []
    },
    {
      "name": "パリ (フランス)",
      "aliases": [
        "パリ"
      ],
      "tags": []
    },
    {
      "name": "ソフィア (ブルガリア)",
      "aliases": [
        "ソフィア"
      ],
      "tags": []
    },
    {
      "name": "ミンスク (ベラルーシ)",
      "aliases": [
        "ミンスク"
      ],
      "tags": []
    },
    {
      "name": "ブリュッセル (ベルギー)",
      "aliases": [
        "ブリュッセル"
      ],
      "tags": []
    },
    {
      "name": "ワルシャワ (ポーランド)",
      "aliases": [
        "ワルシャワ"
      ],
      "tags": []
    },
    {
      "name": "サラエボ (ボスニア・ヘルツェゴビナ)",
      "aliases": [
        "サラエボ",
        "サライェヴォ",
        "サラエヴォ"
      ],
      "tags": []
    },
    {
      "name": "リスボン (ポルトガル)",
      "aliases": [
        "リスボン"
      ],
      "tags": []
    },
    {
      "name": "スコピエ (マケドニア)",
      "aliases": [
        "スコピエ"
      ],
      "tags": []
    },
    {
      "name": "バレッタ (マルタ)",
      "aliases": [
        "バレッタ"
      ],
      "tags": []
    },
    {
      "name": "モナコ (モナコ)",
      "aliases": [
        "モナコ"
      ],
      "tags": []
    },
    {
      "name": "キシニョフ (モルドバ)",
      "aliases": [
        "キシニョフ",
        "キシナウ"
      ],
      "tags": []
    },
    {
      "name": "ポドゴリツァ (モンテネグロ)",
      "aliases": [
        "ポドゴリツァ"
      ],
      "tags": []
    },
    {
      "name": "リガ (ラトビア)",
      "aliases": [
        "リガ"
      ],
      "tags": []
    },
    {
      "name": "ビリニュス (リトアニア)",
      "aliases": [
        "ビリニュス",
        "ヴィリニュス"
      ],
      "tags": []
    },
    {
      "name": "ファドゥーツ (リヒテンシュタイン)",
      "aliases": [
        "ファドゥーツ",
        "ファドーツ"
      ],
      "tags": []
    },
    {
      "name": "ブカレスト (ルーマニア)",
      "aliases": [
        "ブカレスト"
      ],
      "tags": []
    },
    {
      "name": "ルクセンブルク (ルクセンブルグ)",
      "aliases": [
        "ルクセンブルク"
      ],
      "tags": []
    },
    {
      "name": "モスクワ (ロシア連邦)",
      "aliases": [
        "モスクワ"
      ],
      "tags": []
    },
    {
      "name": "アルジェ (アルジェリア)",
      "aliases": [
        "アルジェ"
      ],
      "tags": []
    },
    {
      "name": "ルアンダ (アンゴラ)",
      "aliases": [
        "ルアンダ"
      ],
      "tags": []
    },
    {
      "name": "カンパラ (ウガンダ)",
      "aliases": [
        "カンパラ"
      ],
      "tags": []
    },
    {
      "name": "カイロ (エジプト)",
      "aliases": [
        "カイロ"
      ],
      "tags": []
    },
    {
      "name": "アディスアベバ (エチオピア)",
      "aliases": [
        "アディスアベバ"
      ],
      "tags": []
    },
    {
      "name": "アスマラ (エリトリア)",
      "aliases": [
        "アスマラ"
      ],
      "tags": []
    },
    {
      "name": "アクラ (ガーナ)",
      "aliases": [
        "アクラ"
      ],
      "tags": []
    },
    {
      "name": "プライア (カーボベルデ)",
      "aliases": [
        "プライア"
      ],
      "tags": []
    },
    {
      "name": "リーブルビル (ガボン)",
      "aliases": [
        "リーブルビル"
      ],
      "tags": []
    },
    {
      "name": "ヤウンデ (カメルーン)",
      "aliases": [
        "ヤウンデ"
      ],
      "tags": []
    },
    {
      "name": "バンジュール (ガンビア)",
      "aliases": [
        "バンジュール"
      ],
      "tags": []
    },
    {
      "name": "コナクリ (ギニア)",
      "aliases": [
        "コナクリ"
      ],
      "tags": []
    },
    {
      "name": "ビサウ (ギニア･ビサウ)",
      "aliases": [
        "ビサウ"
      ],
      "tags": []
    },
    {
      "name": "ナイロビ (ケニア)",
      "aliases": [
        "ナイロビ"
      ],
      "tags": []
    },
    {
      "name": "ヤムスクロ (コートジボワール)",
      "aliases": [
        "ヤムスクロ"
      ],
      "tags": []
    },
    {
      "name": "モロニ (コモロ)",
      "aliases": [
        "モロニ"
      ],
      "tags": []
    },
    {
      "name": "ブラザビル (コンゴ共和国)",
      "aliases": [
        "ブラザビル"
      ],
      "tags": []
    },
    {
      "name": "キンシャサ (コンゴ民主共和国)",
      "aliases": [
        "キンシャサ"
      ],
      "tags": []
    },
    {
      "name": "サントメ (サントメ･プリンシペ)",
      "aliases": [
        "サントメ"
      ],
      "tags": []
    },
    {
      "name": "ルサカ (ザンビア)",
      "aliases": [
        "ルサカ"
      ],
      "tags": []
    },
    {
      "name": "フリータウン (シエラレオネ)",
      "aliases": [
        "フリータウン"
      ],
      "tags": []
    },
    {
      "name": "ジブチ (ジブチ)",
      "aliases": [
        "ジブチ"
      ],
      "tags": []
    },
    {
      "name": "ハラレ (ジンバブエ)",
      "aliases": [
        "ハラーレ",
        "ハラレ"
      ],
      "tags": []
    },
    {
      "name": "ハルツーム (スーダン)",
      "aliases": [
        "ハルツーム"
      ],
      "tags": []
    },
    {
      "name": "ムババーネ (スワジランド)",
      "aliases": [
        "ムババーネ"
      ],
      "tags": []
    },
    {
      "name": "ビクトリア (セーシェル)",
      "aliases": [
        "ビクトリア"
      ],
      "tags": []
    },
    {
      "name": "ダカール (セネガル)",
      "aliases": [
        "ダカール"
      ],
      "tags": []
    },
    {
      "name": "モガディシュ (ソマリア)",
      "aliases": [
        "モガディシュ"
      ],
      "tags": []
    },
    {
      "name": "ダルエスサラーム (タンザニア)",
      "aliases": [
        "ダルエスサラーム"
      ],
      "tags": []
    },
    {
      "name": "ンジャメナ (チャド)",
      "aliases": [
        "ンジャメナ"
      ],
      "tags": []
    },
    {
      "name": "チュニス (チュニジア)",
      "aliases": [
        "チュニス"
      ],
      "tags": []
    },
    {
      "name": "ロメ (トーゴ)",
      "aliases": [
        "ロメ"
      ],
      "tags": []
    },
    {
      "name": "アブジャ (ナイジェリア)",
      "aliases": [
        "アブジャ"
      ],
      "tags": []
    },
    {
      "name": "ウィントフック (ナミビア)",
      "aliases": [
        "ウィントフック"
      ],
      "tags": []
    },
    {
      "name": "ニアメ (ニジェール)",
      "aliases": [
        "ニアメ"
      ],
      "tags": []
    },
    {
      "name": "ワガドゥグー (ブルキナファソ)",
      "aliases": [
        "ワガドゥグー"
      ],
      "tags": []
    },
    {
      "name": "ブジュンブラ (ブルンジ)",
      "aliases": [
        "ブジュンブラ"
      ],
      "tags": []
    },
    {
      "name": "ポルトノボ (ベナン)",
      "aliases": [
        "ポルトノボ"
      ],
      "tags": []
    },
    {
      "name": "ハボローネ (ボツワナ)",
      "aliases": [
        "ハボローネ"
      ],
      "tags": []
    },
    {
      "name": "アンタナナリボ (マダガスカル)",
      "aliases": [
        "アンタナナリボ"
      ],
      "tags": []
    },
    {
      "name": "リロングウェ (マラウイ)",
      "aliases": [
        "リロングウェ"
      ],
      "tags": []
    },
    {
      "name": "バマコ (マリ)",
      "aliases": [
        "バマコ"
      ],
      "tags": []
    },
    {
      "name": "ポートルイス (モーリシャス)",
      "aliases": [
        "ポートルイス"
      ],
      "tags": []
    },
    {
      "name": "ヌアクショット (モーリタニア)",
      "aliases": [
        "ヌアクショット"
      ],
      "tags": []
    },
    {
      "name": "マプト (モザンビーク)",
      "aliases": [
        "マプート",
        "マプト"
      ],
      "tags": []
    },
    {
      "name": "ラバト (モロッコ)",
      "aliases": [
        "ラバト"
      ],
      "tags": []
    },
    {
      "name": "トリポリ (リビア)",
      "aliases": [
        "トリポリ"
      ],
      "tags": []
    },
    {
      "name": "モンロビア (リベリア)",
      "aliases": [
        "モンロビア"
      ],
      "tags": []
    },
    {
      "name": "キガリ (ルワンダ)",
      "aliases": [
        "キガリ"
      ],
      "tags": []
    },
    {
      "name": "マセル (レソト)",
      "aliases": [
        "マセル"
      ],
      "tags": []
    },
    {
      "name": "マラボ (赤道ギニア)",
      "aliases": [
        "マラボ"
      ],
      "tags": []
    },
    {
      "name": "バンギ (中央アフリカ)",
      "aliases": [
        "バンギ"
      ],
      "tags": []
    },
    {
      "name": "プレトリア (南アフリカ共和国)",
      "aliases": [
        "プレトリア"
      ],
      "tags": []
    },
    {
      "name": "ジュバ (南スーダン)",
      "aliases": [
        "ジュバ"
      ],
      "tags": []
    },
    {
      "name": "ワシントンD.C. (アメリカ合衆国)",
      "aliases": [
        "ワシントン",
        "ワシントンD.C."
      ],
      "tags": []
    },
    {
      "name": "セントジョンズ (アンティグア･バーブーダ)",
      "aliases": [
        "セントジョンズ"
      ],
      "tags": []
    },
    {
      "name": "サンサルバドル (エルサルバドル)",
      "aliases": [
        "サンサルバドル"
      ],
      "tags": []
    },
    {
      "name": "オタワ (カナダ)",
      "aliases": [
        "オタワ"
      ],
      "tags": []
    },
    {
      "name": "ハバナ (キューバ)",
      "aliases": [
        "ハバナ"
      ],
      "tags": []
    },
    {
      "name": "グアテマラシティ (グアテマラ)",
      "aliases": [
        "グアテマラシティ",
        "グアテマラシティー"
      ],
      "tags": []
    },
    {
      "name": "セントジョージズ (グレナダ)",
      "aliases": [
        "セントジョージズ"
      ],
      "tags": []
    },
    {
      "name": "サンホセ (コスタリカ)",
      "aliases": [
        "サンホセ"
      ],
      "tags": []
    },
    {
      "name": "キングストン (ジャマイカ)",
      "aliases": [
        "キングストン"
      ],
      "tags": []
    },
    {
      "name": "バセテール (セントクリストファー・ネイビス)",
      "aliases": [
        "バセテール"
      ],
      "tags": []
    },
    {
      "name": "キングズタウン (セントビンセント・グレナディーン諸島)",
      "aliases": [
        "キングズタウン"
      ],
      "tags": []
    },
    {
      "name": "カストリーズ (セントルシア)",
      "aliases": [
        "カストリーズ"
      ],
      "tags": []
    },
    {
      "name": "サントドミンゴ (ドミニカ共和国)",
      "aliases": [
        "サントドミンゴ"
      ],
      "tags": []
    },
    {
      "name": "ロゾー (ドミニカ国)",
      "aliases": [
        "ロゾー"
      ],
      "tags": []
    },
    {
      "name": "ポートオブスペイン (トリニダード・トバゴ)",
      "aliases": [
        "ポートオブスペイン"
      ],
      "tags": []
    },
    {
      "name": "マナグア (ニカラグア)",
      "aliases": [
        "マナグア"
      ],
      "tags": []
    },
    {
      "name": "ポルトープランス (ハイチ)",
      "aliases": [
        "ポルトープランス"
      ],
      "tags": []
    },
    {
      "name": "パナマシティ (パナマ)",
      "aliases": [
        "パナマシティ"
      ],
      "tags": []
    },
    {
      "name": "ナッソー (バハマ)",
      "aliases": [
        "ナッソー"
      ],
      "tags": []
    },
    {
      "name": "ブリッジタウン (バルバドス)",
      "aliases": [
        "ブリッジタウン"
      ],
      "tags": []
    },
    {
      "name": "ベルモパン (ベリーズ)",
      "aliases": [
        "ベルモパン"
      ],
      "tags": []
    },
    {
      "name": "テグシガルパ (ホンジュラス)",
      "aliases": [
        "テグシガルパ"
      ],
      "tags": []
    },
    {
      "name": "メキシコシティ (メキシコ)",
      "aliases": [
        "メキシコシティ",
        "メキシコシティー"
      ],
      "tags": []
    },
    {
      "name": "ブエノスアイレス (アルゼンチン)",
      "aliases": [
        "ブエノスアイレス"
      ],
      "tags": []
    },
    {
      "name": "モンテビデオ (ウルグアイ)",
      "aliases": [
        "モンテビデオ"
      ],
      "tags": []
    },
    {
      "name": "キト (エクアドル)",
      "aliases": [
        "キト"
      ],
      "tags": []
    },
    {
      "name": "ジョージタウン (ガイアナ)",
      "aliases": [
        "ジョージタウン"
      ],
      "tags": []
    },
    {
      "name": "ボゴタ (コロンビア)",
      "aliases": [
        "ボゴタ"
      ],
      "tags": []
    },
    {
      "name": "パラマリボ (スリナム)",
      "aliases": [
        "パラマリボ"
      ],
      "tags": []
    },
    {
      "name": "サンティアゴ (チリ)",
      "aliases": [
        "サンティアゴ"
      ],
      "tags": []
    },
    {
      "name": "アスンシオン (パラグアイ)",
      "aliases": [
        "アスンシオン"
      ],
      "tags": []
    },
    {
      "name": "ブラジリア (ブラジル)",
      "aliases": [
        "ブラジリア"
      ],
      "tags": []
    },
    {
      "name": "カラカス (ベネズエラ)",
      "aliases": [
        "カラカス"
      ],
      "tags": []
    },
    {
      "name": "リマ (ペルー)",
      "aliases": [
        "リマ"
      ],
      "tags": []
    },
    {
      "name": "ラパス (ボリビア)",
      "aliases": [
        "ラパス"
      ],
      "tags": []
    },
    {
      "name": "キャンベラ (オーストラリア)",
      "aliases": [
        "キャンベラ"
      ],
      "tags": []
    },
    {
      "name": "タラワ (キリバス)",
      "aliases": [
        "タラワ"
      ],
      "tags": []
    },
    {
      "name": "アバルア (クック諸島)",
      "aliases": [
        "アバルア"
      ],
      "tags": []
    },
    {
      "name": "アピア (サモア)",
      "aliases": [
        "アピア"
      ],
      "tags": []
    },
    {
      "name": "ホニアラ (ソロモン諸島)",
      "aliases": [
        "ホニアラ"
      ],
      "tags": []
    },
    {
      "name": "フナフティ (ツバル)",
      "aliases": [
        "フナフティ"
      ],
      "tags": []
    },
    {
      "name": "ヌクアロファ (トンガ)",
      "aliases": [
        "ヌクアロファ"
      ],
      "tags": []
    },
    {
      "name": "ヤレン (ナウル)",
      "aliases": [
        "ヤレン"
      ],
      "tags": []
    },
    {
      "name": "ウェリントン (ニュージーランド)",
      "aliases": [
        "ウェリントン"
      ],
      "tags": []
    },
    {
      "name": "ポートビラ (バヌアツ)",
      "aliases": [
        "ポートビラ"
      ],
      "tags": []
    },
    {
      "name": "ポート・モレスビー (パプアニューギニア)",
      "aliases": [
        "ポート・モレスビー",
        "ポートモレスビー"
      ],
      "tags": []
    },
    {
      "name": "マルキョク (パラオ)",
      "aliases": [
        "マルキョク"
      ],
      "tags": []
    },
    {
      "name": "スバ (フィジー)",
      "aliases": [
        "スバ"
      ],
      "tags": []
    },
    {
      "name": "マジュロ (マーシャル諸島)",
      "aliases": [
        "マジュロ"
      ],
      "tags": []
    },
    {
      "name": "パリキール (ミクロネシア連邦)",
      "aliases": [
        "パリキール"
      ],
      "tags": []
    }
  ]
}