{
  "id": "ward-jp",
  "answers": [
    {
      "name": "札幌市中央区",
      "aliases": [
        "中央区"
      ],
      "tags": [
        "札幌市",
        "区"
      ]
    },
    {
      "name": "札幌市北区",
      "aliases": [
        "北区"
      ],
      "tags": [
        "札幌市",
        "区"
      ]
    },
    {
      "name": "札幌市東区",
      "aliases": [
        "東区"
      ],
      "tags": [
        "札幌市",
        "区"
      ]
    },
    {
      "name": "札幌市白石区",
      "aliases": [
        "白石区"
      ],
      "tags": [
        "札幌市",
        "区"
      ]
    },
    {
      "name": "札幌市豊平区",
      "aliases": [
        "豊平区"
      ],
      "tags": [
        "札幌市",
        "区"
      ]
    },
    {
      "name": "札幌市南区",
      "aliases": [
        "南区"
      ],
      "tags": [
        "札幌市",
        "区"
      ]
    },
    {
      "name": "札幌市西区",
      "aliases": [
        "西区"
      ],
      "tags": [
        "札幌市",
        "区"
      ]
    },
    {
      "name": "札幌市厚別区",
      "aliases": [
        "厚別区"
      ],
      "tags": [
        "札幌市",
        "区"
      ]
    },
    {
      "name": "札幌市手稲区",
      "aliases": [
        "手稲区"
      ],
      "tags": [
        "札幌市",
        "区"
      ]
    },
    {
      "name": "札幌市清田区",
      "aliases": [
        "清田区"
      ],
      "tags": [
        "札幌市",
        "区"
      ]
    },
    {
      "name": "仙台市青葉区",
      "aliases": [
        "青葉区"
      ],
      "tags": [
        "仙台市",
        "区"
      ]
    },
    {
      "name": "仙台市宮城野区",
      "aliases": [
        "宮城野区"
      ],
      "tags": [
        "仙台市",
        "区"
      ]
    },
    {
      "name": "仙台市若林区",
      "aliases": [
        "若林区"
      ],
      "tags": [
        "仙台市",
        "区"
      ]
    },
    {
      "name": "仙台市太白区",
      "aliases": [
        "太白区"
      ],
      "tags": [
        "仙台市",
        "区"
      ]
    },
    {
      "name": "仙台市泉区",
      "aliases": [
        "泉区"
      ],
      "tags": [
        "仙台市",
        "区"
      ]
    },
    {
      "name": "さいたま市西区",
      "aliases": [
        "西区"
      ],
      "tags": [
        "さいたま市",
        "区"
      ]
    },
    {
      "name": "さいたま市北区",
      "aliases": [
        "北区"
      ],
      "tags": [
        "さいたま市",
        "区"
      ]
    },
    {
      "name": "さいたま市大宮区",
      "aliases": [
        "大宮区"
      ],
      "tags": [
        "さいたま市",
        "区"
      ]
    },
    {
      "name": "さいたま市見沼区",
      "aliases": [
        "見沼区"
      ],
      "tags": [
        "さいたま市",
        "区"
      ]
    },
    {
      "name": "さいたま市中央区",
      "aliases": [
        "中央区"
      ],
      "tags": [
        "さいたま市",
        "区"
      ]
    },
    {
      "name": "さいたま市桜区",
      "aliases": [
        "桜区"
      ],
      "tags": [
        "さいたま市",
        "区"
      ]
    },
    {
      "name": "さいたま市浦和区",
      "aliases": [
        "浦和区"
      ],
      "tags": [
        "さいたま市",
        "区"
      ]
    },
    {
      "name": "さいたま市南区",
      "aliases": [
        "南区"
      ],
      "tags": [
        "さいたま市",
        "区"
      ]
    },
    {
      "name": "さいたま市緑区",
      "aliases": [
        "緑区"
      ],
      "tags": [
        "さいたま市",
        "区"
      ]
    },
    {
      "name": "さいたま市岩槻区",
      "aliases": [
        "岩槻区"
      ],
      "tags": [
        "さいたま市",
        "区"
      ]
    },
    {
      "name": "千葉市中央区",
      "aliases": [
        "中央区"
      ],
      "tags": [
        "千葉市",
        "区"
      ]
    },
    {
      "name": "千葉市花見川区",
      "aliases": [
        "花見川区"
      ],
      "tags": [
        "千葉市",
        "区"
      ]
    },
    {
      "name": "千葉市稲毛区",
      "aliases": [
        "稲毛区"
      ],
      "tags": [
        "千葉市",
        "区"
      ]
    },
    {
      "name": "千葉市若葉区",
      "aliases": [
        "若葉区"
      ],
      "tags": [
        "千葉市",
        "区"
      ]
    },
    {
      "name": "千葉市緑区",
      "aliases": [
        "緑区"
      ],
      "tags": [
        "千葉市",
        "区"
      ]
    },
    {
      "name": "千葉市美浜区",
      "aliases": [
        "美浜区"
      ],
      "tags": [
        "千葉市",
        "区"
      ]
    },
    {
      "name": "横浜市鶴見区",
      "aliases": [
        "鶴見区"
      ],
      "tags": [
        "横浜市",
        "区"
      ]
    },
    {
      "name": "横浜市神奈川区",
      "aliases": [
        "神奈川区"
      ],
      "tags": [
        "横浜市",
        "区"
      ]
    },
    {
      "name": "横浜市西区",
      "aliases": [
        "西区"
      ],
      "tags": [
        "横浜市",
        "区"
      ]
    },
    {
      "name": "横浜市中区",
      "aliases": [
        "中区"
      ],
      "tags": [
        "横浜市",
        "区"
      ]
    },
    {
      "name": "横浜市南区",
      "aliases": [
        "南区"
      ],
      "tags": [
        "横浜市",
        "区"
      ]
    },
    {
      "name": "横浜市港南区",
      "aliases": [
        "港南区"
      ],
      "tags": [
        "横浜市",
        "区"
      ]
    },
    {
      "name": "横浜市保土ケ谷区",
      "aliases": [
        "保土ケ谷区"
      ],
      "tags": [
        "横浜市",
        "区"
      ]
    },
    {
      "name": "横浜市旭区",
      "aliases": [
        "旭区"
      ],
      "tags": [
        "横浜市",
        "区"
      ]
    },
    {
      "name": "横浜市磯子区",
      "aliases": [
        "磯子区"
      ],
      "tags": [
        "横浜市",
        "区"
      ]
    },
    {
      "name": "横浜市金沢区",
      "aliases": [
        "金沢区"
      ],
      "tags": [
        "横浜市",
        "区"
      ]
    },
    {
      "name": "横浜市港北区",
      "aliases": [
        "港北区"
      ],
      "tags": [
        "横浜市",
        "区"
      ]
    },
    {
      "name": "横浜市緑区",
      "aliases": [
        "緑区"
      ],
      "tags": [
        "横浜市",
        "区"
      ]
    },
    {
      "name": "横浜市青葉区",
      "aliases": [
        "青葉区"
      ],
      "tags": [
        "横浜市",
        "区"
      ]
    },
    {
      "name": "横浜市都筑区",
      "aliases": [
        "都筑区"
      ],
      "tags": [
        "横浜市",
        "区"
      ]
    },
    {
      "name": "横浜市戸塚区",
      "aliases": [
        "戸塚区"
      ],
      "tags": [
        "横浜市",
        "区"
      ]
    },
    {
      "name": "横浜市栄区",
      "aliases": [
        "栄区"
      ],
      "tags": [
        "横浜市",
        "区"
      ]
    },
    {
      "name": "横浜市泉区",
      "aliases": [
        "泉区"
      ],
      "tags": [
        "横浜市",
        "区"
      ]
    },
    {
      "name": "横浜市瀬谷区",
      "aliases": [
        "瀬谷区"
      ],
      "tags": [
        "横浜市",
        "区"
      ]
    },
    {
      "name": "川崎市川崎区",
      "aliases": [
        "川崎区"
      ],
      "tags": [
        "川崎市",
        "区"
      ]
    },
    {
      "name": "川崎市幸区",
      "aliases": [
        "幸区"
      ],
      "tags": [
        "川崎市",
        "区"
      ]
    },
    {
      "name": "川崎市中原区",
      "aliases": [
        "中原区"
      ],
      "tags": [
        "川崎市",
        "区"
      ]
    },
    {
      "name": "川崎市高津区",
      "aliases": [
        "高津区"
      ],
      "tags": [
        "川崎市",
        "区"
      ]
    },
    {
      "name": "川崎市宮前区",
      "aliases": [
        "宮前区"
      ],
      "tags": [
        "川崎市",
        "区"
      ]
    },
    {
      "name": "川崎市多摩区",
      "aliases": [
        "多摩区"
      ],
      "tags": [
        "川崎市",
        "区"
      ]
    },
    {
      "name": "川崎市麻生区",
      "aliases": [
        "麻生区"
      ],
      "tags": [
        "川崎市",
        "区"
      ]
    },
    {
      "name": "相模原市緑区",
      "aliases": [
        "緑区"
      ],
      "tags": [
        "相模原市",
        "区"
      ]
    },
    {
      "name": "相模原市中央区",
      "aliases": [
        "中央区"
      ],
      "tags": [
        "相模原市",
        "区"
      ]
    },
    {
      "name": "相模原市南区",
      "aliases": [
        "南区"
      ],
      "tags": [
        "相模原市",
        "区"
      ]
    },
    {
      "name": "新潟市北区",
      "aliases": [
        "北区"
      ],
      "tags": [
        "新潟市",
        "区"
      ]
    },
    {
      "name": "新潟市東区",
      "aliases": [
        "東区"
      ],
      "tags": [
        "新潟市",
        "区"
      ]
    },
    {
      "name": "新潟市中央区",
      "aliases": [
        "中央区"
      ],
      "tags": [
        "新潟市",
        "区"
      ]
    },
    {
      "name": "新潟市江南区",
      "aliases": [
        "江南区"
      ],
      "tags": [
        "新潟市",
        "区"
      ]
    },
    {
      "name": "新潟市秋葉区",
      "aliases": [
        "秋葉区"
      ],
      "tags": [
        "新潟市",
        "区"
      ]
    },
    {
      "name": "新潟市南区",
      "aliases": [
        "南区"
      ],
      "tags": [
        "新潟市",
        "区"
      ]
    },
    {
      "name": "新潟市西区",
      "aliases": [
        "西区"
      ],
      "tags": [
        "新潟市",
        "区"
      ]
    },
    {
      "name": "新潟市西蒲区",
      "aliases": [
        "西蒲区"
      ],
      "tags": [
        "新潟市",
        "区"
      ]
    },
    {
      "name": "静岡市葵区",
      "aliases": [
        "葵区"
      ],
      "tags": [
        "静岡市",
        "区"
      ]
    },
    {
      "name": "静岡市駿河区",
      "aliases": [
        "駿河区"
      ],
      "tags": [
        "静岡市",
        "区"
      ]
    },
    {
      "name": "静岡市清水区",
      "aliases": [
        "清水区"
      ],
      "tags": [
        "静岡市",
        "区"
      ]
    },
    {
      "name": "浜松市中央区",
      "aliases": [
        "中央区"
      ],
      "tags": [
        "浜松市",
        "区"
      ]
    },
    {
      "name": "浜松市浜名区",
      "aliases": [
        "浜名区"
      ],
      "tags": [
        "浜松市",
        "区"
      ]
    },
    {
      "name": "浜松市天竜区",
      "aliases": [
        "天竜区"
      ],
      "tags": [
        "浜松市",
        "区"
      ]
    },
    {
      "name": "名古屋市千種区",
      "aliases": [
        "千種区"
      ],
      "tags": [
        "名古屋市",
        "区"
      ]
    },
    {
      "name": "名古屋市東区",
      "aliases": [
        "東区"
      ],
      "tags": [
        "名古屋市",
        "区"
      ]
    },
    {
      "name": "名古屋市北区",
      "aliases": [
        "北区"
      ],
      "tags": [
        "名古屋市",
        "区"
      ]
    },
    {
      "name": "名古屋市西区",
      "aliases": [
        "西区"
      ],
      "tags": [
        "名古屋市",
        "区"
      ]
    },
    {
      "name": "名古屋市中村区",
      "aliases": [
        "中村区"
      ],
      "tags": [
        "名古屋市",
        "区"
      ]
    },
    {
      "name": "名古屋市中区",
      "aliases": [
        "中区"
      ],
      "tags": [
        "名古屋市",
        "区"
      ]
    },
    {
      "name": "名古屋市昭和区",
      "aliases": [
        "昭和区"
      ],
      "tags": [
        "名古屋市",
        "区"
      ]
    },
    {
      "name": "名古屋市瑞穂区",
      "aliases": [
        "瑞穂区"
      ],
      "tags": [
        "名古屋市",
        "区"
      ]
    },
    {
      "name": "名古屋市熱田区",
      "aliases": [
        "熱田区"
      ],
      "tags": [
        "名古屋市",
        "区"
      ]
    },
    {
      "name": "名古屋市中川区",
      "aliases": [
        "中川区"
      ],
      "tags": [
        "名古屋市",
        "区"
      ]
    },
    {
      "name": "名古屋市港区",
      "aliases": [
        "港区"
      ],
      "tags": [
        "名古屋市",
        "区"
      ]
    },
    {
      "name": "名古屋市南区",
      "aliases": [
        "南区"
      ],
      "tags": [
        "名古屋市",
        "区"
      ]
    },
    {
      "name": "名古屋市守山区",
      "aliases": [
        "守山区"
      ],
      "tags": [
        "名古屋市",
        "区"
      ]
    },
    {
      "name": "名古屋市緑区",
      "aliases": [
        "緑区"
      ],
      "tags": [
        "名古屋市",
        "区"
      ]
    },
    {
      "name": "名古屋市名東区",
      "aliases": [
        "名東区"
      ],
      "tags": [
        "名古屋市",
        "区"
      ]
    },
    {
      "name": "名古屋市天白区",
      "aliases": [
        "天白区"
      ],
      "tags": [
        "名古屋市",
        "区"
      ]
    },
    {
      "name": "京都市北区",
      "aliases": [
        "北区"
      ],
      "tags": [
        "京都市",
        "区"
      ]
    },
    {
      "name": "京都市上京区",
      "aliases": [
        "上京区"
      ],
      "tags": [
        "京都市",
        "区"
      ]
    },
    {
      "name": "京都市左京区",
      "aliases": [
        "左京区"
      ],
      "tags": [
        "京都市",
        "区"
      ]
    },
    {
      "name": "京都市中京区",
      "aliases": [
        "中京区"
      ],
      "tags": [
        "京都市",
        "区"
      ]
    },
    {
      "name": "京都市東山区",
      "aliases": [
        "東山区"
      ],
      "tags": [
        "京都市",
        "区"
      ]
    },
    {
      "name": "京都市下京区",
      "aliases": [
        "下京区"
      ],
      "tags": [
        "京都市",
        "区"
      ]
    },
    {
      "name": "京都市南区",
      "aliases": [
        "南区"
      ],
      "tags": [
        "京都市",
        "区"
      ]
    },
    {
      "name": "京都市右京区",
      "aliases": [
        "右京区"
      ],
      "tags": [
        "京都市",
        "区"
      ]
    },
    {
      "name": "京都市伏見区",
      "aliases": [
        "伏見区"
      ],
      "tags": [
        "京都市",
        "区"
      ]
    },
    {
      "name": "京都市山科区",
      "aliases": [
        "山科区"
      ],
      "tags": [
        "京都市",
        "区"
      ]
    },
    {
      "name": "京都市西京区",
      "aliases": [
        "西京区"
      ],
      "tags": [
        "京都市",
        "区"
      ]
    },
    {
      "name": "大阪市都島区",
      "aliases": [
        "都島区"
      ],
      "tags": [
        "大阪市",
        "区"
      ]
    },
    {
      "name": "大阪市福島区",
      "aliases": [
        "福島区"
      ],
      "tags": [
        "大阪市",
        "区"
      ]
    },
    {
      "name": "大阪市此花区",
      "aliases": [
        "此花区"
      ],
      "tags": [
        "大阪市",
        "区"
      ]
    },
    {
      "name": "大阪市西区",
      "aliases": [
        "西区"
      ],
      "tags": [
        "大阪市",
        "区"
      ]
    },
    {
      "name": "大阪市港区",
      "aliases": [
        "港区"
      ],
      "tags": [
        "大阪市",
        "区"
      ]
    },
    {
      "name": "大阪市大正区",
      "aliases": [
        "大正区"
      ],
      "tags": [
        "大阪市",
        "区"
      ]
    },
    {
      "name": "大阪市天王寺区",
      "aliases": [
        "天王寺区"
      ],
      "tags": [
        "大阪市",
        "区"
      ]
    },
    {
      "name": "大阪市浪速区",
      "aliases": [
        "浪速区"
      ],
      "tags": [
        "大阪市",
        "区"
      ]
    },
    {
      "name": "大阪市西淀川区",
      "aliases": [
        "西淀川区"
      ],
      "tags": [
        "大阪市",
        "区"
      ]
    },
    {
      "name": "大阪市東淀川区",
      "aliases": [
        "東淀川区"
      ],
      "tags": [
        "大阪市",
        "区"
      ]
    },
    {
      "name": "大阪市東成区",
      "aliases": [
        "東成区"
      ],
      "tags": [
        "大阪市",
        "区"
      ]
    },
    {
      "name": "大阪市生野区",
      "aliases": [
        "生野区"
      ],
      "tags": [
        "大阪市",
        "区"
      ]
    },
    {
      "name": "大阪市旭区",
      "aliases": [
        "旭区"
      ],
      "tags": [
        "大阪市",
        "区"
      ]
    },
    {
      "name": "大阪市城東区",
      "aliases": [
        "城東区"
      ],
      "tags": [
        "大阪市",
        "区"
      ]
    },
    {
      "name": "大阪市阿倍野区",
      "aliases": [
        "阿倍野区"
      ],
      "tags": [
        "大阪市",
        "区"
      ]
    },
    {
      "name": "大阪市住吉区",
      "aliases": [
        "住吉区"
      ],
      "tags": [
        "大阪市",
        "区"
      ]
    },
    {
      "name": "大阪市東住吉区",
      "aliases": [
        "東住吉区"
      ],
      "tags": [
        "大阪市",
        "区"
      ]
    },
    {
      "name": "大阪市西成区",
      "aliases": [
        "西成区"
      ],
      "tags": [
        "大阪市",
        "区"
      ]
    },
    {
      "name": "大阪市淀川区",
      "aliases": [
        "淀川区"
      ],
      "tags": [
        "大阪市",
        "区"
      ]
    },
    {
      "name": "大阪市鶴見区",
      "aliases": [
        "鶴見区"
      ],
      "tags": [
        "大阪市",
        "区"
      ]
    },
    {
      "name": "大阪市住之江区",
      "aliases": [
        "住之江区"
      ],
      "tags": [
        "大阪市",
        "区"
      ]
    },
    {
      "name": "大阪市平野区",
      "aliases": [
        "平野区"
      ],
      "tags": [
        "大阪市",
        "区"
      ]
    },
    {
      "name": "大阪市北区",
      "aliases": [
        "北区"
      ],
      "tags": [
        "大阪市",
        "区"
      ]
    },
    {
      "name": "大阪市中央区",
      "aliases": [
        "中央区"
      ],
      "tags": [
        "大阪市",
        "区"
      ]
    },
    {
      "name": "堺市堺区",
      "aliases": [
        "堺区"
      ],
      "tags": [
        "堺市",
        "区"
      ]
    },
    {
      "name": "堺市中区",
      "aliases": [
        "中区"
      ],
      "tags": [
        "堺市",
        "区"
      ]
    },
    {
      "name": "堺市東区",
      "aliases": [
        "東区"
      ],
      "tags": [
        "堺市",
        "区"
      ]
    },
    {
      "name": "堺市西区",
      "aliases": [
        "西区"
      ],
      "tags": [
        "堺市",
        "区"
      ]
    },
    {
      "name": "堺市南区",
      "aliases": [
        "南区"
      ],
      "tags": [
        "堺市",
        "区"
      ]
    },
    {
      "name": "堺市北区",
      "aliases": [
        "北区"
      ],
      "tags": [
        "堺市",
        "区"
      ]
    },
    {
      "name": "堺市美原区",
      "aliases": [
        "美原区"
      ],
      "tags": [
        "堺市",
        "区"
      ]
    },
    {
      "name": "神戸市東灘区",
      "aliases": [
        "東灘区"
      ],
      "tags": [
        "神戸市",
        "区"
      ]
    },
    {
      "name": "神戸市灘区",
      "aliases": [
        "灘区"
      ],
      "tags": [
        "神戸市",
        "区"
      ]
    },
    {
      "name": "神戸市兵庫区",
      "aliases": [
        "兵庫区"
      ],
      "tags": [
        "神戸市",
        "区"
      ]
    },
    {
      "name": "神戸市長田区",
      "aliases": [
        "長田区"
      ],
      "tags": [
        "神戸市",
        "区"
      ]
    },
    {
      "name": "神戸市須磨区",
      "aliases": [
        "須磨区"
      ],
      "tags": [
        "神戸市",
        "区"
      ]
    },
    {
      "name": "神戸市垂水区",
      "aliases": [
        "垂水区"
      ],
      "tags": [
        "神戸市",
        "区"
      ]
    },
    {
      "name": "神戸市北区",
      "aliases": [
        "北区"
      ],
      "tags": [
        "神戸市",
        "区"
      ]
    },
    {
      "name": "神戸市中央区",
      "aliases": [
        "中央区"
      ],
      "tags": [
        "神戸市",
        "区"
      ]
    },
    {
      "name": "神戸市西区",
      "aliases": [
        "西区"
      ],
      "tags": [
        "神戸市",
        "区"
      ]
    },
    {
      "name": "岡山市北区",
      "aliases": [
        "北区"
      ],
      "tags": [
        "岡山市",
        "区"
      ]
    },
    {
      "name": "岡山市中区",
      "aliases": [
        "中区"
      ],
      "tags": [
        "岡山市",
        "区"
      ]
    },
    {
      "name": "岡山市東区",
      "aliases": [
        "東区"
      ],
      "tags": [
        "岡山市",
        "区"
      ]
    },
    {
      "name": "岡山市南区",
      "aliases": [
        "南区"
      ],
      "tags": [
        "岡山市",
        "区"
      ]
    },
    {
      "name": "広島市中区",
      "aliases": [
        "中区"
      ],
      "tags": [
        "広島市",
        "区"
      ]
    },
    {
      "name": "広島市東区",
      "aliases": [
        "東区"
      ],
      "tags": [
        "広島市",
        "区"
      ]
    },
    {
      "name": "広島市南区",
      "aliases": [
        "南区"
      ],
      "tags": [
        "広島市",
        "区"
      ]
    },
    {
      "name": "広島市西区",
      "aliases": [
        "西区"
      ],
      "tags": [
        "広島市",
        "区"
      ]
    },
    {
      "name": "広島市安佐南区",
      "aliases": [
        "安佐南区"
      ],
      "tags": [
        "広島市",
        "区"
      ]
    },
    {
      "name": "広島市安佐北区",
      "aliases": [
        "安佐北区"
      ],
      "tags": [
        "広島市",
        "区"
      ]
    },
    {
      "name": "広島市安芸区",
      "aliases": [
        "安芸区"
      ],
      "tags": [
        "広島市",
        "区"
      ]
    },
    {
      "name": "広島市佐伯区",
      "aliases": [
        "佐伯区"
      ],
      "tags": [
        "広島市",
        "区"
      ]
    },
    {
      "name": "北九州市門司区",
      "aliases": [
        "門司区"
      ],
      "tags": [
        "北九州市",
        "区"
      ]
    },
    {
      "name": "北九州市若松区",
      "aliases": [
        "若松区"
      ],
      "tags": [
        "北九州市",
        "区"
      ]
    },
    {
      "name": "北九州市戸畑区",
      "aliases": [
        "戸畑区"
      ],
      "tags": [
        "北九州市",
        "区"
      ]
    },
    {
      "name": "北九州市小倉北区",
      "aliases": [
        "小倉北区"
      ],
      "tags": [
        "北九州市",
        "区"
      ]
    },
    {
      "name": "北九州市小倉南区",
      "aliases": [
        "小倉南区"
      ],
      "tags": [
        "北九州市",
        "区"
      ]
    },
    {
      "name": "北九州市八幡東区",
      "aliases": [
        "八幡東区"
      ],
      "tags": [
        "北九州市",
        "区"
      ]
    },
    {
      "name": "北九州市八幡西区",
      "aliases": [
        "八幡西区"
      ],
      "tags": [
        "北九州市",
        "区"
      ]
    },
    {
      "name": "福岡市東区",
      "aliases": [
        "東区"
      ],
      "tags": [
        "福岡市",
        "区"
      ]
    },
    {
      "name": "福岡市博多区",
      "aliases": [
        "博多区"
      ],
      "tags": [
        "福岡市",
        "区"
      ]
    },
    {
      "name": "福岡市中央区",
      "aliases": [
        "中央区"
      ],
      "tags": [
        "福岡市",
        "区"
      ]
    },
    {
      "name": "福岡市南区",
      "aliases": [
        "南区"
      ],
      "tags": [
        "福岡市",
        "区"
      ]
    },
    {
      "name": "福岡市西区",
      "aliases": [
        "西区"
      ],
      "tags": [
        "福岡市",
        "区"
      ]
    },
    {
      "name": "福岡市城南区",
      "aliases": [
        "城南区"
      ],
      "tags": [
        "福岡市",
        "区"
      ]
    },
    {
      "name": "福岡市早良区",
      "aliases": [
        "早良区"
      ],
      "tags": [
        "福岡市",
        "区"
      ]
    },
    {
      "name": "熊本市中央区",
      "aliases": [
        "中央区"
      ],
      "tags": [
        "熊本市",
        "区"
      ]
    },
    {
      "name": "熊本市東区",
      "aliases": [
        "東区"
      ],
      "tags": [
        "熊本市",
        "区"
      ]
    },
    {
      "name": "熊本市西区",
      "aliases": [
        "西区"
      ],
      "tags": [
        "熊本市",
        "区"
      ]
    },
    {
      "name": "熊本市南区",
      "aliases": [
        "南区"
      ],
      "tags": [
        "熊本市",
        "区"
      ]
    },
    {
      "name": "熊本市北区",
      "aliases": [
        "北区"
      ],
      "tags": [
        "熊本市",
        "区"
      ]
    }
  ]
}